<code_scheme name="Default (1)" version="173">
  <option name="OTHER_INDENT_OPTIONS">
    <value>
      <option name="INDENT_SIZE" value="2" />
      <option name="TAB_SIZE" value="2" />
    </value>
  </option>
  <option name="RIGHT_MARGIN" value="160" />
  <MarkdownNavigatorCodeStyleSettings>
    <option name="RIGHT_MARGIN" value="72" />
  </MarkdownNavigatorCodeStyleSettings>
  <XML>
    <option name="XML_LEGACY_SETTINGS_IMPORTED" value="true" />
  </XML>
  <codeStyleSettings language="CSS">
    <indentOptions>
      <option name="INDENT_SIZE" value="2" />
      <option name="CONTINUATION_INDENT_SIZE" value="2" />
      <option name="TAB_SIZE" value="2" />
    </indentOptions>
  </codeStyleSettings>
  <codeStyleSettings language="HTML">
    <indentOptions>
      <option name="INDENT_SIZE" value="2" />
      <option name="CONTINUATION_INDENT_SIZE" value="2" />
      <option name="TAB_SIZE" value="2" />
    </indentOptions>
  </codeStyleSettings>
  <codeStyleSettings language="JSON">
    <indentOptions>
      <option name="CONTINUATION_INDENT_SIZE" value="2" />
      <option name="TAB_SIZE" value="2" />
    </indentOptions>
  </codeStyleSettings>
  <codeStyleSettings language="JavaScript">
    <indentOptions>
      <option name="INDENT_SIZE" value="2" />
      <option name="CONTINUATION_INDENT_SIZE" value="2" />
      <option name="TAB_SIZE" value="2" />
    </indentOptions>
  </codeStyleSettings>
  <codeStyleSettings language="LESS">
    <indentOptions>
      <option name="CONTINUATION_INDENT_SIZE" value="2" />
      <option name="TAB_SIZE" value="2" />
    </indentOptions>
  </codeStyleSettings>
  <codeStyleSettings language="SASS">
    <indentOptions>
      <option name="CONTINUATION_INDENT_SIZE" value="2" />
      <option name="TAB_SIZE" value="2" />
    </indentOptions>
  </codeStyleSettings>
  <codeStyleSettings language="SCSS">
    <indentOptions>
      <option name="CONTINUATION_INDENT_SIZE" value="2" />
      <option name="TAB_SIZE" value="2" />
    </indentOptions>
  </codeStyleSettings>
  <codeStyleSettings language="Stylus">
    <indentOptions>
      <option name="CONTINUATION_INDENT_SIZE" value="2" />
      <option name="TAB_SIZE" value="2" />
    </indentOptions>
  </codeStyleSettings>
  <codeStyleSettings language="TypeScript">
    <indentOptions>
      <option name="INDENT_SIZE" value="2" />
      <option name="CONTINUATION_INDENT_SIZE" value="2" />
      <option name="TAB_SIZE" value="2" />
    </indentOptions>
  </codeStyleSettings>
  <codeStyleSettings language="XML">
    <indentOptions>
      <option name="INDENT_SIZE" value="2" />
      <option name="CONTINUATION_INDENT_SIZE" value="2" />
    </indentOptions>
  </codeStyleSettings>
</code_scheme>